Method_A,Method_B,MAE_A,MAE_B,Diff,T_Statistic,P_Value,Significant
Trident_v21,Trident_v23_no_seasonal,0.37574088626436797,0.4480036163097474,-0.07226273004537945,-2.4338078970510155,0.017459245638707002,Yes
Trident_v21,Trident_v23_full,0.37574088626436797,0.43234951465522486,-0.0566086283908569,-1.899767888479721,0.061525376620228105,No
Trident_v23_no_seasonal,Trident_v23_full,0.4480036163097474,0.43234951465522486,0.01565410165452254,3.0834140597825157,0.0029139205763461934,Yes
