{
  "total_samples": 491,
  "record_count": {
    "mean": 447.65173116089613,
    "min": 427,
    "max": 454,
    "std": 3.3756166567447083
  },
  "tqi_mean": {
    "mean": 3.0395374561495334,
    "min": 2.2205199115044247,
    "max": 5.943862612612612,
    "std": 0.37723717854326616,
    "median": 2.998124721603564
  },
  "tqi_std": {
    "mean": 0.7834795285084696,
    "min": 0.367167026477303,
    "max": 2.935019361883029,
    "median": 0.6781281543647382
  },
  "time_span_days": {
    "mean": 4844.690427698574,
    "min": 4837,
    "max": 4845
  },
  "monthly_coverage": {
    "mean": 0.9719644967438587,
    "min": 0.9506172839506172,
    "max": 0.9814814814814816
  }
}