mile,ma,exp,lstm,timemixer
240400,0.04429824561403522,0.06405912576761602,,0.0394831031158388
